Name,Port 1,Port 2
Black Cat6 550MHz RJ45 Network Patch Cable (Bootless),Ethernet (RJ-45) port,Ethernet (RJ-45) port
Blue Cat6 Network Patch Cable Bootless 550mhz,Ethernet (RJ-45) port,Ethernet (RJ-45) port
White Cat6 550MHz Network Patch Cable (Bootless) ,Ethernet (RJ-45) port,Ethernet (RJ-45) port
Grey Cat6 550MHz Network Patch Cable (Bootless),Ethernet (RJ-45) port,Ethernet (RJ-45) port
Red Cat6 550MHz Network Patch Cable (Bootless),Ethernet (RJ-45) port,Ethernet (RJ-45) port
Green Cat6 550MHz Network Patch Cable (Bootless),Ethernet (RJ-45) port,Ethernet (RJ-45) port
Violet Cat6 550MHz Network Patch Cable (Bootless),Ethernet (RJ-45) port,Ethernet (RJ-45) port
Orange Cat6 550MHz Network Patch Cable (Bootless),Ethernet (RJ-45) port,Ethernet (RJ-45) port
Cat6 550MHz Network Patch Cable Aqua (Bootless),Ethernet (RJ-45) port,Ethernet (RJ-45) port
Cat6 550MHz Network Patch Cable Brown (Bootless),Ethernet (RJ-45) port,Ethernet (RJ-45) port
Cat6 550MHz RJ45 Network Patch Cable Pink (Bootless),Ethernet (RJ-45) port,Ethernet (RJ-45) port
Cat6 550MHz Network Patch Cable Yellow (Bootless),Ethernet (RJ-45) port,Ethernet (RJ-45) port
Cat6 Ethernet Patch Cable Snagless Boot - Black,Ethernet (RJ-45) port,Ethernet (RJ-45) port
Cat6 Ethernet Patch Cable Snagless Boot - Blue,Ethernet (RJ-45) port,Ethernet (RJ-45) port
Cat6 Ethernet Patch Cable Snagless Boot - Green,Ethernet (RJ-45) port,Ethernet (RJ-45) port
Cat6 Ethernet Patch Cable Snagless Boot - Gray,Ethernet (RJ-45) port,Ethernet (RJ-45) port
Cat6 Ethernet Patch Cable Snagless Boot - Red,Ethernet (RJ-45) port,Ethernet (RJ-45) port
Cat6 Ethernet Patch Cable Snagless Boot - White,Ethernet (RJ-45) port,Ethernet (RJ-45) port
Cat6 Ethernet Patch Cable Snagless Boot - Yellow,Ethernet (RJ-45) port,Ethernet (RJ-45) port
Cat6 Ethernet Patch Cable Snagless Boot - Violet,Ethernet (RJ-45) port,Ethernet (RJ-45) port
Cat6 Ethernet Patch Cable Snagless Boot - Orange,Ethernet (RJ-45) port,Ethernet (RJ-45) port
Cat6 Ethernet Patch Cable - Pink Color - Snagless Boot,Ethernet (RJ-45) port,Ethernet (RJ-45) port
Blue Cat6 Slim Jacket 28awg Network Patch Cable 550MHz,Ethernet (RJ-45) port,Ethernet (RJ-45) port
White Cat6 Slim Jacket 28awg Network Patch Cable 550MHz,Ethernet (RJ-45) port,Ethernet (RJ-45) port
Gray Cat6 Slim Jacket 28awg Network Patch Cable 550MHz,Ethernet (RJ-45) port,Ethernet (RJ-45) port
Black Cat6 Slim Jacket 28awg Network Patch Cable 550MHz,Ethernet (RJ-45) port,Ethernet (RJ-45) port
Yellow Cat 6 Patch Cables with Slim 28awg Jacket,Ethernet (RJ-45) port,Ethernet (RJ-45) port
Red Cat6 Slim Jacket 28awg Network Patch Cable 550MHz,Ethernet (RJ-45) port,Ethernet (RJ-45) port
Orange Cat6 Slim Jacket 28awg Network Patch Cable 550MHz,Ethernet (RJ-45) port,Ethernet (RJ-45) port
Green Cat6 Slim Jacket 28awg Network Patch Cable 550MHz,Ethernet (RJ-45) port,Ethernet (RJ-45) port
Violet Cat6 Slim Jacket 28awg Network Patch Cable 550MHz,Ethernet (RJ-45) port,Ethernet (RJ-45) port
Pink Cat6 Slim Jacket 28awg Network Patch Cable 550MHz,Ethernet (RJ-45) port,Ethernet (RJ-45) port
Black Cat6 Slim Jacket 30awg Network Patch Cable 600MHz,Ethernet (RJ-45) port,Ethernet (RJ-45) port
Blue Cat6 Slim Jacket 30awg Network Patch Cable 600MHz,Ethernet (RJ-45) port,Ethernet (RJ-45) port
Green Cat6 Slim Jacket 30awg Network Patch Cable 600MHz,Ethernet (RJ-45) port,Ethernet (RJ-45) port
Gray Cat6 Slim Jacket 30awg Network Patch Cable 600MHz,Ethernet (RJ-45) port,Ethernet (RJ-45) port
Red Cat6 Slim Jacket 30awg Network Patch Cable 550MHz,Ethernet (RJ-45) port,Ethernet (RJ-45) port
White Cat6 Slim Jacket 30awg Network Patch Cable 600MHz,Ethernet (RJ-45) port,Ethernet (RJ-45) port
Yellow Cat6 Slim Jacket 30awg Network Patch Cable 600MHz,Ethernet (RJ-45) port,Ethernet (RJ-45) port
Cat6 Outdoor UV Resistant Waterproof Shielded Direct Burial Ethernet Cable - White Jacket,Ethernet (RJ-45) port,Ethernet (RJ-45) port
Cat6 Outdoor UV Resistant Waterproof Shielded Direct Burial Ethernet Cable,Ethernet (RJ-45) port,Ethernet (RJ-45) port
Cat6 Outdoor UV Resistant Waterproof Shielded Direct Burial Ethernet Cable - Brown Jacket,Ethernet (RJ-45) port,Ethernet (RJ-45) port
Cat6 Outdoor UV Resistant Waterproof Shielded Aerial with Messenger Ethernet Cable,Ethernet (RJ-45) port,Ethernet (RJ-45) port
Cat6 Blue 550Mhz Plenum Rated Network Patch Cable,Ethernet (RJ-45) port,Ethernet (RJ-45) port
Cat6 White 550Mhz Plenum Rated Network Patch Cable,Ethernet (RJ-45) port,Ethernet (RJ-45) port
Cat6 Red 550Mhz Plenum Rated Network Patch Cable,Ethernet (RJ-45) port,Ethernet (RJ-45) port
Cat6 Green 550Mhz Plenum Rated Network Patch Cable,Ethernet (RJ-45) port,Ethernet (RJ-45) port
Cat6 Black 550Mhz Plenum Rated Network Patch Cable,Ethernet (RJ-45) port,Ethernet (RJ-45) port
Cat6 Purple 550Mhz Plenum Rated Network Patch Cable,Ethernet (RJ-45) port,Ethernet (RJ-45) port
Cat6 Yellow 550Mhz Plenum Rated Network Patch Cable,Ethernet (RJ-45) port,Ethernet (RJ-45) port
Cat6 Pink 550Mhz Plenum Rated Network Patch Cable,Ethernet (RJ-45) port,Ethernet (RJ-45) port
Cat6 550Mhz Plenum Rated Network Patch Cable - Gray,Ethernet (RJ-45) port,Ethernet (RJ-45) port
Cat6 POE Shielded Ethernet Cable,Ethernet (RJ-45) port,Ethernet (RJ-45) port
Cat6 Flat Ethernet Patch Cable Black,Ethernet (RJ-45) port,Ethernet (RJ-45) port
Cat6 Shielded Ethernet Cable Snagless Black,Ethernet (RJ-45) port,Ethernet (RJ-45) port
Cat6 Shielded Ethernet Cable Snagless Red,Ethernet (RJ-45) port,Ethernet (RJ-45) port
Cat6 Shielded Ethernet Cable Snagless Blue,Ethernet (RJ-45) port,Ethernet (RJ-45) port
Cat6 Shielded Ethernet Cable Snagless Green,Ethernet (RJ-45) port,Ethernet (RJ-45) port
Cat6 Shielded Ethernet Cable Snagless Gray,Ethernet (RJ-45) port,Ethernet (RJ-45) port
Cat6 Shielded Ethernet Cable Snagless White,Ethernet (RJ-45) port,Ethernet (RJ-45) port
Cat6 Shielded Ethernet Cable Snagless Yellow,Ethernet (RJ-45) port,Ethernet (RJ-45) port
Cat6 Shielded Ethernet Cable Snagless Orange,Ethernet (RJ-45) port,Ethernet (RJ-45) port
Cat6 Shielded Ethernet Cable Snagless Violet,Ethernet (RJ-45) port,Ethernet (RJ-45) port
Cat6A Outdoor Waterproof Shielded Direct Burial Ethernet Cable - White,Ethernet (RJ-45) port,Ethernet (RJ-45) port
Cat6A Outdoor Waterproof Shielded Direct Burial Ethernet Cable,Ethernet (RJ-45) port,Ethernet (RJ-45) port
Cat6A Outdoor Waterproof Shielded Direct Burial Ethernet Cable- Brown,Ethernet (RJ-45) port,Ethernet (RJ-45) port
Cat6A 24AWG Snagless Ethernet Network Patch Cable - Blue,Ethernet (RJ-45) port,Ethernet (RJ-45) port
Cat6A 24AWG Snagless Ethernet Network Patch Cable - White,Ethernet (RJ-45) port,Ethernet (RJ-45) port
Cat6A 24AWG Snagless Ethernet Network Patch Cable - Black,Ethernet (RJ-45) port,Ethernet (RJ-45) port
Cat6A 24AWG Snagless Ethernet Network Patch Cable - Red,Ethernet (RJ-45) port,Ethernet (RJ-45) port
Cat6A 24AWG Snagless Ethernet Network Patch Cable - Green,Ethernet (RJ-45) port,Ethernet (RJ-45) port
Cat6A 24AWG Snagless Ethernet Network Patch Cable - Gray,Ethernet (RJ-45) port,Ethernet (RJ-45) port
Cat6A 24AWG Snagless Ethernet Network Patch Cable - Orange,Ethernet (RJ-45) port,Ethernet (RJ-45) port
Cat6A 24AWG Snagless Ethernet Network Patch Cable - Yellow,Ethernet (RJ-45) port,Ethernet (RJ-45) port
Cat6A Snagless Ethernet Network Patch Cable - Violet,Ethernet (RJ-45) port,Ethernet (RJ-45) port
Cat6A UTP Slim Ethernet Network Booted Cable 28AWG Black,Ethernet (RJ-45) port,Ethernet (RJ-45) port
Cat6A UTP Slim Ethernet Network Booted Cable 28AWG Blue,Ethernet (RJ-45) port,Ethernet (RJ-45) port
Cat6A UTP Slim Ethernet Network Booted Cable 28AWG Green,Ethernet (RJ-45) port,Ethernet (RJ-45) port
Cat6A UTP Slim Ethernet Network Booted Cable 28AWG Gray,Ethernet (RJ-45) port,Ethernet (RJ-45) port
Cat6A UTP Slim Ethernet Network Booted Cable 28AWG Purple,Ethernet (RJ-45) port,Ethernet (RJ-45) port
Cat6A UTP Slim Ethernet Network Booted Cable 28AWG Red,Ethernet (RJ-45) port,Ethernet (RJ-45) port
Cat6A UTP Slim Ethernet Network Booted Cable 28AWG White,Ethernet (RJ-45) port,Ethernet (RJ-45) port
Cat6A UTP Slim Ethernet Network Booted Cable 28AWG Yellow,Ethernet (RJ-45) port,Ethernet (RJ-45) port
Cat6A UTP Slim Ethernet Network Booted Cable 28AWG Orange,Ethernet (RJ-45) port,Ethernet (RJ-45) port
Cat6A 24AWG Aqua Snagless Ethernet Network Patch Cable,Ethernet (RJ-45) port,Ethernet (RJ-45) port
Cat6A 24AWG Pink Snagless Ethernet Network Patch Cable,Ethernet (RJ-45) port,Ethernet (RJ-45) port
Cat6A UTP Slim Ethernet Network Booted Cable 26AWG Black,Ethernet (RJ-45) port,
Cat6A UTP Slim Ethernet Network Booted Cable 26AWG Blue,Ethernet (RJ-45) port,
Cat6A 10GB POE Shielded Ethernet Cable up to 100Watts - Aqua,Ethernet (RJ-45) port,Ethernet (RJ-45) port
Cat6A 10GB POE Shielded Ethernet Cable that carries up to 90Watt DC Power - Black,Ethernet (RJ-45) port,Ethernet (RJ-45) port
Cat6A 10GB POE Shielded Ethernet Cable up to 100Watts - Blue,Ethernet (RJ-45) port,Ethernet (RJ-45) port
Cat6A 10GB POE Shielded Ethernet Cable up to 100Watts - Gray,Ethernet (RJ-45) port,Ethernet (RJ-45) port
Cat6A 550Mhz Plenum Cable - Blue,Ethernet (RJ-45) port,Ethernet (RJ-45) port
Cat6A Plenum Cable 550Mhz - White,Ethernet (RJ-45) port,Ethernet (RJ-45) port
Cat6A 550Mhz Plenum Cable - Green,Ethernet (RJ-45) port,Ethernet (RJ-45) port
Cat6A 550Mhz Plenum Cable - Red,Ethernet (RJ-45) port,Ethernet (RJ-45) port
Cat6A 550Mhz Plenum Cable - Black,Ethernet (RJ-45) port,Ethernet (RJ-45) port
Cat6A 550Mhz Plenum Cable - Orange,Ethernet (RJ-45) port,Ethernet (RJ-45) port
Cat6A 550Mhz Plenum Cable - Purple,Ethernet (RJ-45) port,Ethernet (RJ-45) port
Cat6A 550Mhz Plenum Cable - Yellow,Ethernet (RJ-45) port,Ethernet (RJ-45) port
Cat6A 26AWG Shielded Ethernet Cable Snagless Blue,Ethernet (RJ-45) port,Ethernet (RJ-45) port
Cat6A Shielded Patch Cable Snagless Gray,Ethernet (RJ-45) port,Ethernet (RJ-45) port
Cat6A Shielded Patch Cable Snagless Black,Ethernet (RJ-45) port,Ethernet (RJ-45) port
Cat6A Shielded Patch Cable Snagless White,Ethernet (RJ-45) port,Ethernet (RJ-45) port
Cat6A 26AWG Shielded Ethernet Cable Snagless Aqua,Ethernet (RJ-45) port,Ethernet (RJ-45) port
Cat6A Black Shielded Plenum Network Patch Cable,Ethernet (RJ-45) port,Ethernet (RJ-45) port
Cat5e Ethernet Patch Cable - Black Color - Snagless Boot,Ethernet (RJ-45) port,Ethernet (RJ-45) port
Cat5e Ethernet Patch Cable - Blue Color - Snagless Boot,Ethernet (RJ-45) port,Ethernet (RJ-45) port
Cat5e Ethernet Patch Cable - Green Color - Snagless Boot,Ethernet (RJ-45) port,Ethernet (RJ-45) port
Cat5e Ethernet Patch Cable - Gray Color - Snagless Boot,Ethernet (RJ-45) port,Ethernet (RJ-45) port
Cat5e Ethernet Patch Cable - Red Color - Snagless Boot,Ethernet (RJ-45) port,Ethernet (RJ-45) port
Cat5e Ethernet Patch Cable - White Color - Snagless Boot,Ethernet (RJ-45) port,Ethernet (RJ-45) port
Cat5e Ethernet Patch Cable - Yellow Color - Snagless Boot,Ethernet (RJ-45) port,Ethernet (RJ-45) port
Cat5e Ethernet Patch Cable - Violet Color - Snagless Boot,Ethernet (RJ-45) port,Ethernet (RJ-45) port
Cat5e Ethernet Patch Cable - Orange Color - Snagless Boot,Ethernet (RJ-45) port,Ethernet (RJ-45) port
Cat5e Ethernet Patch Cable - Pink Color - Snagless Boot,Ethernet (RJ-45) port,Ethernet (RJ-45) port
Black Cat5e Network Patch Cable 350MHz RJ45,Ethernet (RJ-45) port,Ethernet (RJ-45) port
Blue Cat5e Network Patch Cable 350MHz RJ45,Ethernet (RJ-45) port,Ethernet (RJ-45) port
Grey Cat5e Network Patch Cable 350MHz RJ45,Ethernet (RJ-45) port,Ethernet (RJ-45) port
White Cat5e Network Patch Cable 350MHz RJ45,Ethernet (RJ-45) port,Ethernet (RJ-45) port
Red Cat5e 350MHz RJ45 Network Patch Cable,Ethernet (RJ-45) port,Ethernet (RJ-45) port
Green Cat5e 350MHz RJ45 Network Patch Cable,Ethernet (RJ-45) port,Ethernet (RJ-45) port
Violet Cat5e 350MHz RJ45 Network Patch Cable,Ethernet (RJ-45) port,Ethernet (RJ-45) port
Yellow Cat5e 350MHz RJ45 Network Patch Cable ,Ethernet (RJ-45) port,Ethernet (RJ-45) port
Orange Cat5e Network Patch Cable 350MHz RJ45,Ethernet (RJ-45) port,Ethernet (RJ-45) port
Pink Cat5e Network Patch Cable 350MHz RJ45,Ethernet (RJ-45) port,Ethernet (RJ-45) port
Brown Cat5e Network Patch Cable 350MHz RJ45,Ethernet (RJ-45) port,Ethernet (RJ-45) port
Red Crossover 5e 350MHz RJ45 Network Patch Cable,Ethernet (RJ-45) port,Ethernet (RJ-45) port
Cat 5e Network Patch Cable-White-Plenum Rated for in-ceiling installations,Ethernet (RJ-45) port,Ethernet (RJ-45) port
Cat 5e Network Patch Cable-Blue-Plenum Rated for in-ceiling installations,Ethernet (RJ-45) port,Ethernet (RJ-45) port
Green Cat5e CMP Plenum Rated 350Mhz Network Patch Cable- for in-ceiling installations,Ethernet (RJ-45) port,Ethernet (RJ-45) port
Pink Cat5e CMP Plenum Rated 350Mhz Network Patch Cable- for in-ceiling installations,Ethernet (RJ-45) port,Ethernet (RJ-45) port
Cat 5e Network Path Cable-Black-Plenum Rated for in-ceiling installations ,Ethernet (RJ-45) port,Ethernet (RJ-45) port
Red Cat5e CMP Plenum Rated 350Mhz Network Patch Cable- for in-ceiling installations,Ethernet (RJ-45) port,Ethernet (RJ-45) port
Cat 5e Network Patch Cable-Purple-Plenum Rated for in-ceiling installations,Ethernet (RJ-45) port,Ethernet (RJ-45) port
Yellow Cat5e CMP Plenum Rated 350Mhz Network Patch Cable- for in-ceiling ,Ethernet (RJ-45) port,Ethernet (RJ-45) port
Cat 5e Network Patch Cable- Plenum Rated for in-ceiling installations,Ethernet (RJ-45) port,Ethernet (RJ-45) port
Orange Cat5e CMP Plenum Rated 350Mhz Network Patch Cable- for in-ceiling installations,Ethernet (RJ-45) port,Ethernet (RJ-45) port
Cat5e 350Mhz 26AWG Shielded Ethernet Cable Snagless RJ45 Black,Ethernet (RJ-45) port,Ethernet (RJ-45) port
Cat5e 350Mhz Shielded Ethernet Cable Snagless RJ45 Red,Ethernet (RJ-45) port,Ethernet (RJ-45) port
Cat5e 350Mhz 26AWG Shielded Cable Snagless Blue,Ethernet (RJ-45) port,Ethernet (RJ-45) port
Cat5e 350Mhz 26AWG Shielded Cable Snagless Green,Ethernet (RJ-45) port,Ethernet (RJ-45) port
Cat5e 350Mhz 26AWG Shielded Cable Snagless Gray,Ethernet (RJ-45) port,Ethernet (RJ-45) port
Cat5e 350Mhz 26AWG Shielded Ethernet Cable Snagless White,Ethernet (RJ-45) port,Ethernet (RJ-45) port
Cat5e 350Mhz 26AWG Shielded Cable Snagless Yellow,Ethernet (RJ-45) port,Ethernet (RJ-45) port
Cat5e 350Mhz 26AWG Shielded Cable Snagless Orange,Ethernet (RJ-45) port,Ethernet (RJ-45) port
Cat5e 350Mhz 26AWG Shielded Cable Snagless Violet,Ethernet (RJ-45) port,Ethernet (RJ-45) port
Cat7 Patch Cable Snagless Blue- Rated for 600Mhz,Ethernet (RJ-45) port,Ethernet (RJ-45) port
Cat7 Patch Cable Snagless Black- Rated for 600Mhz,Ethernet (RJ-45) port,Ethernet (RJ-45) port
1Ft Cat7 Patch Cable Snagless White- Rated for 600Mhz,Ethernet (RJ-45) port,Ethernet (RJ-45) port
Cat8 Shielded 24AWG 40GB Ethernet Network Cable - 0.5 Feet - Black,Ethernet (RJ-45) port,Ethernet (RJ-45) port
Cat8 Shielded 24AWG 40GB Ethernet Network Cable - 0.5 Feet - Blue,Ethernet (RJ-45) port,Ethernet (RJ-45) port
Cat8 Shielded 24AWG 40GB Ethernet Network Cable - 0.5 Feet - Green,Ethernet (RJ-45) port,Ethernet (RJ-45) port
Cat8 Shielded 24AWG 40GB Ethernet Network Cable - 0.5 Feet - Gray,Ethernet (RJ-45) port,Ethernet (RJ-45) port
Cat8 Shielded 24AWG 40GB Ethernet Network Cable - 0.5 Feet - Orange ,Ethernet (RJ-45) port,Ethernet (RJ-45) port
Cat8 Shielded 24AWG 40GB Ethernet Network Cable - 0.5 Feet - Red,Ethernet (RJ-45) port,Ethernet (RJ-45) port
Cat8 Shielded 24AWG 40GB Ethernet Network Cable - 0.5 Feet - Purple,Ethernet (RJ-45) port,Ethernet (RJ-45) port
Cat8 Shielded 24AWG 40GB Ethernet Network Cable - 0.5 Feet - White,Ethernet (RJ-45) port,Ethernet (RJ-45) port
Cat8 Shielded 24AWG 40GB Ethernet Network Cable - 0.5 Feet - Yellow,Ethernet (RJ-45) port,Ethernet (RJ-45) port
Cat8 Shielded 26AWG 40GB Ethernet Network Cable - 0.5 Feet - Black,Ethernet (RJ-45) port,Ethernet (RJ-45) port
Cat8 Shielded 26AWG 40GB Ethernet Network Cable - 0.5 Feet - Blue,Ethernet (RJ-45) port,Ethernet (RJ-45) port
Cat8 Shielded 26AWG 40GB Ethernet Network Cable - 0.5 Feet - Gray,Ethernet (RJ-45) port,Ethernet (RJ-45) port
Cat8 Shielded 26AWG 40GB Ethernet Network Cable - 0.5 Feet - Red,Ethernet (RJ-45) port,Ethernet (RJ-45) port
Cat8 Shielded 26AWG 40GB Ethernet Network Cable - 0.5 Feet - Purple,Ethernet (RJ-45) port,Ethernet (RJ-45) port
Cat8 Shielded 26AWG 40GB Ethernet Network Cable - 0.5 Feet - White,Ethernet (RJ-45) port,Ethernet (RJ-45) port
Cat8 Shielded 26AWG 40GB Ethernet Network Cable - 0.5 Feet - Yellow,Ethernet (RJ-45) port,Ethernet (RJ-45) port
Plenum HDMI Cable - High Speed 24awg,HDMI TYPE A Port,HDMI TYPE A Port
Plenum USB 2.0 A Male to B Male Cable - Active signal,USB Port,Console Micro USB-B Port
CAT3 25 PAIR TELCO Cable 5' CENTRONICS 50 Male To Female- 90 Degrees,CAT3 25 PAIR TELCO Cable 5' CENTRONICS 50 Female,CAT3 25 PAIR TELCO Cable 5' CENTRONICS 50 Male
CAT3 25 PAIR TELCO Cable 5' CENTRONICS 50 Male To Male- 90 Degrees,CAT3 25 PAIR TELCO Cable 5' CENTRONICS 50 Female,CAT3 25 PAIR TELCO Cable 5' CENTRONICS 50 Female
CAT3 25 PAIR TELCO Cable 5' CENTRONICS 50 Female To Female- 90 Degrees,CAT3 25 PAIR TELCO Cable 5' CENTRONICS 50 Male,CAT3 25 PAIR TELCO Cable 5' CENTRONICS 50 Male
CAT3 25 PAIR TELCO Cable 5' CENTRONICS 50 Male to Open- 90 Degrees,CAT3 25 PAIR TELCO Cable 5' CENTRONICS 50 Female,
CAT3 25 PAIR TELCO Cable 5' CENTRONICS 50 Female to Open- 90 Degrees,CAT3 25 PAIR TELCO Cable 5' CENTRONICS 50 Male,
CAT3 25 PAIR TELCO Cable 5' CENTRONICS 50 Male To Female- 180 Degrees,CAT3 25 PAIR TELCO Cable 5' CENTRONICS 50 Female,CAT3 25 PAIR TELCO Cable 5' CENTRONICS 50 Male
CAT3 25 PAIR TELCO Cable 5' CENTRONICS 50 Male To Male- 180 Degrees,CAT3 25 PAIR TELCO Cable 5' CENTRONICS 50 Female,CAT3 25 PAIR TELCO Cable 5' CENTRONICS 50 Female
CAT3 25 PAIR TELCO Cable 5' CENTRONICS 50 Female To Female- 180 Degrees,CAT3 25 PAIR TELCO Cable 5' CENTRONICS 50 Male,CAT3 25 PAIR TELCO Cable 5' CENTRONICS 50 Male
CAT3 25 PAIR TELCO Cable 5' CENTRONICS 50 Male to Open- 180 Degrees,CAT3 25 PAIR TELCO Cable 5' CENTRONICS 50 Female,
High Speed Shielded RJ11 to RJ11 Modem Cable,RJ-11 TELEPHONE Port,RJ-11 TELEPHONE Port
Modem Shielded Cables RJ11 and RJ45,RJ-11 TELEPHONE Port,Ethernet (RJ-45) port
DS3 735a Plenum Coaxial Cable with Dual BNC 75 Ohm - 26 Awg,BNC Female connector,BNC Female connector
Lightning to Ethernet Adapter Cable,LIGHTINING,Ethernet (RJ-45) port
LC to LC OM3 Duplex Multimode Fiber Optic Cable,LC Female Port,LC Female Port
LC to LC OM3 10Gb Uniboot 1M Duplex Multimode Fiber Optic Cable,LC Female Port,LC Female Port
10Gb LC-TO-SC Duplex 50 by 125 Multimode Fiber Patch Cable,LC Female Port,SC Female Port
10Gb LC-To-ST Duplex 50 by 125 Multimode Fiber Patch Cable,LC Female Port,ST Female Port
Plenum LC to LC 10GB Aqua Fiber Optic Cable,LC Female Port,LC Female Port
SC-SC 10GB OM3 Fiber Optic Cable,SC Female Port,SC Female Port
10Gb SC to ST Duplex 50 by 125 MultiMode Fiber Patch Cable,SC Female Port,ST Female Port
10Gb OM3 ST to ST Duplex 50 by 125 Multimode Fiber Patch Cable,ST Female Port,ST Female Port
LC TO LC 10GB OM3 Duplex Multimode Fiber Optic Cable-Blue,LC Female Port,LC Female Port
LC TO LC 10GB OM3 Duplex Multimode Fiber Optic Cable-Red,LC Female Port,LC Female Port
LC TO LC 10GB OM3 Duplex Multimode Fiber Optic Cable-Green,LC Female Port,LC Female Port
LC TO LC 10GB OM3 Duplex Multimode Fiber Optic Cable-Black,LC Female Port,LC Female Port
LC TO LC 10GB OM3 Duplex Multimode Fiber Optic Cable-White,LC Female Port,LC Female Port
LC to LC OM3 Duplex Armored Aqua Jacket Fiber Optic Cable- Laser Optimized,LC Female Port,LC Female Port
OM4 Plenum LC to LC Duplex 40GB 50 by 125 MultiMode Fiber Patch Cable,LC Female Port,LC Female Port
LC to SC 0.5 Meter OM4 Duplex Aqua Jacket Fiber Optic Cable- 50 micron 850nm Laser Optimized,LC Female Port,SC Female Port
LC to ST OM4 Duplex Aqua Jacket Fiber Optic Cable- 50 micron 850nm Laser Optimized,SC Female Port,ST Female Port
SC to SC OM4 40GB Duplex Multimode Fiber Optic Cable,SC Female Port,SC Female Port
LC to LC OM4 Duplex Armored Aqua Jacket Fiber Optic Cable- 50 micron 850nm Laser Optimized,LC Female Port,LC Female Port
LC TO LC 50 by 125 OM4 Duplex Multimode Fiber Optic Cable - Black Jacket,LC Female Port,LC Female Port
LC TO LC 50 by 125 OM4 Duplex Multimode Fiber Optic Cable - Blue Jacket,LC Female Port,LC Female Port
LC TO LC 50 by 125 OM4 Duplex Multimode Fiber Optic Cable - Red Jacket,LC Female Port,LC Female Port
LC TO LC 50 by 125 OM4 Duplex Multimode Fiber Optic Cable - Green Jacket,LC Female Port,LC Female Port
LC TO LC 50 BY 125 OM4 Duplex Multimode Fiber Optic Cable - White Jacket,LC Female Port,LC Female Port
LC TO LC 50 BY 125 OM4 Duplex Multimode Fiber Optic Cable - Yellow Jacket,LC Female Port,LC Female Port
LC TO LC 50 BY 125 OM4 Duplex Multimode Fiber Optic Cable - Orange Jacket,LC Female Port,LC Female Port
LC TO LC 50 BY 125 OM4 Duplex Multimode Fiber Optic Cable - Violet Jacket,LC Female Port,LC Female Port
LC TO SC 50 BY 125 OM4 Duplex Multimode Fiber Optic Cable- Green Jacket,LC Female Port,SC Female Port
LC TO SC 50 BY 125 OM4 Duplex Multimode Fiber Optic Cable- Red Jacket,LC Female Port,SC Female Port
LC TO SC 50 BY 125 OM4 Duplex Multimode Fiber Optic Cable-Blue Jacket,LC Female Port,SC Female Port
LC TO SC 50 BY 125 OM4 Duplex Multimode Fiber Optic Cable-Black Jacket,LC Female Port,SC Female Port
LC TO ST 50 BY 125 OM4 Duplex Multimode Fiber Optic Cable-Green Jacket,LC Female Port,ST Female Port
LC TO ST 50 BY 125 OM4 Duplex Multimode Fiber Optic Cable-Blue Jacket,LC Female Port,ST Female Port
LC TO ST 50 BY 125 OM4 Duplex Multimode Fiber Optic Cable-Black Jacket,LC Female Port,ST Female Port
LC TO ST 50 BY 125 OM4 Duplex Multimode Fiber Optic Cable-Red Jacket,LC Female Port,ST Female Port
LC to LC OM4 Duplex Multimode Fiber Optic Cable with Flexible Boots,LC Female Port,LC Female Port
SC APC to SC APC Duplex SingleMode 9 by 125 Fiber Optic Patch Cable,SC Female Port,SC Female Port
LC APC TO LC APC SINGLEMODE SIMPLEX,LC APC Port,LC APC Port
LC APC to LC APC Duplex SingleMode 9 by 125 Fiber Optic Patch Cable,LC APC Port,LC APC Port
FC APC to FC APC Duplex SingleMode 9 by 125 Fiber Optic Patch Cable,FC APC Port,FC APC Port
Fiber Optic Cable Single Mode LC to LC OS2 9 by 125 Duplex Yellow,LC Female Port,LC Female Port
LC TO SC OS2 Single Mode Duplex 9 by 125 Fiber Patch Cable,LC Female Port,SC Female Port
SC to SC Single-Mode Duplex 9 by 125 Fiber Patch Cable,SC Female Port,SC Female Port
SC to ST Single-Mode Duplex 9 by 125 Fiber Patch Cable,SC Female Port,ST Female Port
ST to ST Single-Mode Duplex 9 by 125 Fiber Patch Cable,SC Female Port,SC Female Port
LC TO LC 9 by 125 Duplex Singlemode Fiber Optic Cable-Black,LC Female Port,LC Female Port
LC TO LC 9 by 125 Duplex Singlemode Fiber Optic Cable-Red,LC Female Port,LC Female Port
LC TO LC 9 by 125 Duplex Singlemode Fiber Optic Cable-Blue Jacket,LC Female Port,LC Female Port
LC TO LC 9 by 125 Duplex Singlemode Fiber Optic Cable-Green Jacket,LC Female Port,LC Female Port
LC TO LC 9 by 125 Duplex Singlemode Fiber Optic Cable-Violet Jacket,LC Female Port,LC Female Port
LC TO ST 9 by 125 Duplex Singlemode Fiber Optic Cable-Violet Jacket,LC Female Port,ST Female Port
LC TO ST 9 by 125 Duplex Singlemode Fiber Optic Cable-Black Jacket,LC Female Port,ST Female Port
LC TO ST 9 by 125 Duplex Singlemode Fiber Optic Cable-Red Jacket,LC Female Port,ST Female Port
LC TO ST 9 by 125 Duplex Singlemode Fiber Optic Cable-Blue Jacket,LC Female Port,ST Female Port
LC TO ST 9 by 125 Duplex Singlemode Fiber Optic Cable-Green Jacket,LC Female Port,ST Female Port
LC TO SC 9 by 125 Duplex Singlemode Fiber Optic Cable-Black Jacket,LC Female Port,SC Female Port
LC TO SC 9 by 125 Duplex Singlemode Fiber Optic Cable-Red Jacket,LC Female Port,SC Female Port
LC TO SC 9 by 125 Duplex Singlemode Fiber Optic Cable-Blue Jacket,LC Female Port,SC Female Port
LC TO SC 9 by 125 Duplex Singlemode Fiber Optic Cable-Green Jacket,LC Female Port,SC Female Port
LC TO SC 9 by 125 Duplex Singlemode Fiber Optic Cable-Violet Jacket,LC Female Port,SC Female Port
SC TO ST 9 by 125 Duplex Singlemode Fiber Optic Cable-Black Jacket,SC Female Port,ST Female Port
SC TO ST 9 by 125 Duplex Singlemode Fiber Optic Cable-Red Jacket,SC Female Port,ST Female Port
SC TO ST 9 by 125 Duplex Singlemode Fiber Optic Cable-Blue Jacket,SC Female Port,ST Female Port
SC TO ST 9 by 125 Duplex Singlemode Fiber Optic Cable-Green Jacket,SC Female Port,ST Female Port
SC TO ST 9 by 125 Duplex Singlemode Fiber Optic Cable-Violet Jacket,SC Female Port,ST Female Port
Fiber Optic Cable Single Mode LC to LC OS2 9 by 125 Duplex Yellow with Flexible Boots,LC Female Port,LC Female Port
Fiber Optic Cable Single Mode Plenum OFNP LC to LC OS2 9 by 125 Duplex Yellow,LC Female Port,LC Female Port
LC to LC OM1 Duplex Multimode 62.5u Fiber Optic Cable,LC Female Port,LC Female Port
MTRJ to SC Duplex MultiMode 62.5 by 125 Fiber Optic Patch Cable,MTRJ Female Port,SC Female Port
Duplex MultiMode 62.5u by 125 SC to ST Fiber Optic Patch Cable,SC Female Port,ST Female Port
ST to ST OM1 Duplex MultiMode 62.5 by 125 Fiber Optic Patch Cable,ST Female Port,ST Female Port
LC TO LC 62.5 by 125 Duplex Multimode Fiber Optic Cable-Purple Jacket,LC Female Port,LC Female Port
LC TO LC 62.5 by 125 Duplex Multimode Fiber Optic Cable-Blue Jacket,LC Female Port,LC Female Port
LC TO LC 62.5 by 125 Duplex Multimode Fiber Optic Cable-Green Jacket,LC Female Port,LC Female Port
LC TO LC 62.5 by 125 Duplex Multimode Fiber Optic Cable-Red Jacket,LC Female Port,LC Female Port
LC TO LC 62.5 by 125 Duplex Multimode Fiber Optic Cable-Black Jacket,LC Female Port,LC Female Port
SC TO SC 62.5 by 125 Duplex Multimode Fiber Optic Cable-Purple Jacket,SC Female Port,SC Female Port
SC TO SC 62.5 by 125 Duplex Multimode Fiber Optic Cable-Blue Jacket,SC Female Port,SC Female Port
SC TO SC 62.5 by 125 Duplex Multimode Fiber Optic Cable-Green Jacket,SC Female Port,SC Female Port
SC TO SC 62.5 by 125 Duplex Multimode Fiber Optic Cable-Red Jacket,SC Female Port,SC Female Port
SC TO SC 62.5 by 125 Duplex Multimode Fiber Optic Cable-Black Jacket,SC Female Port,SC Female Port
ST TO ST 62.5 by 125 Duplex Multimode Fiber Optic Cable-Purple Jacket,ST Female Port,ST Female Port
ST TO ST 62.5 by 125 Duplex Multimode Fiber Optic Cable-Blue Jacket,ST Female Port,ST Female Port
ST TO ST 62.5 by 125 Duplex Multimode Fiber Optic Cable-Green Jacket,ST Female Port,ST Female Port
ST TO ST 62.5 by 125 Duplex Multimode Fiber Optic Cable-Red Jacket,ST Female Port,ST Female Port
ST TO ST 62.5 by 125 Duplex Multimode Fiber Optic Cable-Black Jacket,ST Female Port,ST Female Port
LC TO ST 62.5 by 125 Duplex Multimode Fiber Optic Cable-Purple Jacket,LC Female Port,ST Female Port
LC TO ST 62.5 by 125 Duplex Multimode Fiber Optic Cable-Blue Jacket,LC Female Port,ST Female Port
LC TO ST 62.5 by 125 Duplex Multimode Fiber Optic Cable-Green Jacket,LC Female Port,ST Female Port
LC TO ST 62.5 by 125 Duplex Multimode Fiber Optic Cable-Red Jacket,LC Female Port,ST Female Port
LC TO ST 62.5 by 125 Duplex Multimode Fiber Optic Cable-Black Jacket,LC Female Port,ST Female Port
LC TO SC 62.5 by 125 Duplex Multimode Fiber Optic Cable-Purple Jacket,LC Female Port,SC Female Port
LC TO SC 62.5 by 125 Duplex Multimode Fiber Optic Cable-Blue Jacket,LC Female Port,SC Female Port
LC TO SC 62.5 by 125 Duplex Multimode Fiber Optic Cable-Green Jacket,LC Female Port,SC Female Port
LC TO SC 62.5 by 125 Duplex Multimode Fiber Optic Cable-Red Jacket,LC Female Port,SC Female Port
LC TO SC 62.5 by 125 Duplex Multimode Fiber Optic Cable-Black Jacket,LC Female Port,SC Female Port
SC TO ST 62.5 by 125 Duplex Multimode Fiber Optic Cable-Purple Jacket,SC Female Port,ST Female Port
SC TO ST 62.5 by 125 Duplex Multimode Fiber Optic Cable-Blue Jacket,SC Female Port,ST Female Port
SC TO ST 62.5 by 125 Duplex Multimode Fiber Optic Cable-Green Jacket,SC Female Port,ST Female Port
SC TO ST 62.5 by 125 Duplex Multimode Fiber Optic Cable-Red Jacket,SC Female Port,ST Female Port
SC TO ST 62.5 by 125 Duplex Multimode Fiber Optic Cable-Black Jacket,SC Female Port,ST Female Port
LC to SC OM1 Duplex MultiMode 62.5u by 125 Fiber Optic Patch Cable,LC Female Port,SC Female Port
LC to ST Duplex MultiMode OM1 62.5 by 125 Fiber Optic Patch Cable,SC Female Port,ST Female Port
OM1 SC to SC Duplex MultiMode 62.5 by 125 Fiber Optic Patch Cable,SC Female Port,SC Female Port
OM2 LC to LC Duplex MultiMode 50 by 125 Fiber Optic Patch Cable,LC Female Port,LC Female Port
LC TO LC OM2 50 by 125 Duplex Multimode Fiber Optic Cable-Blue Jacket,LC Female Port,LC Female Port
LC TO LC 50 by 125 Duplex Multimode Fiber Optic Cable-Green Jacket,LC Female Port,LC Female Port
LC TO LC 50 by 125 Duplex Multimode Fiber Optic Cable-Red Jacket,LC Female Port,LC Female Port
LC TO LC 50 by 125 Duplex Multimode Fiber Optic Cable-Black Jacket,LC Female Port,LC Female Port
SC TO SC 50 by 125 Duplex Multimode Fiber Optic Cable-Blue Jacket,SC Female Port,SC Female Port
SC TO SC 50  by 125 Duplex Multimode Fiber Optic Cable-Green Jacket,SC Female Port,SC Female Port
SC TO SC 50 by 25 Duplex Multimode Fiber Optic Cable-Red Jacket,SC Female Port,SC Female Port
SC TO SC 50 by 125 Duplex Multimode Fiber Optic Cable-Black Jacket,SC Female Port,SC Female Port
ST TO ST 50 by 125 Duplex Multimode Fiber Optic Cable-Blue Jacket,ST Female Port,ST Female Port
ST TO ST 50 by 125 Duplex Multimode Fiber Optic Cable-Green Jacket,ST Female Port,ST Female Port
ST TO ST 50 by 125 Duplex Multimode Fiber Optic Cable-Red Jacket,ST Female Port,ST Female Port
ST TO ST 50 by 125 Duplex Multimode Fiber Optic Cable-Black Jacket,ST Female Port,ST Female Port
LC TO ST 50 by 125 Duplex Multimode Fiber Optic Cable-Blue Jacket,LC Female Port,ST Female Port
LC TO ST 50 by 125 Duplex Multimode Fiber Optic Cable-Green Jacket,LC Female Port,ST Female Port
LC TO ST 50 by 125 Duplex Multimode Fiber Optic Cable-Red Jacket,LC Female Port,ST Female Port
LC TO ST 50 by 125 Duplex Multimode Fiber Optic Cable-Black Jacket,LC Female Port,ST Female Port
LC TO SC 50 by 125 Duplex Multimode Fiber Optic Cable-Blue Jacket,LC Female Port,SC Female Port
LC TO SC 50 by 125 Duplex Multimode Fiber Optic Cable-Green Jacket,LC Female Port,SC Female Port
LC TO SC 50 by 125 Duplex Multimode Fiber Optic Cable-Red Jacket,LC Female Port,SC Female Port
LC TO SC 50 by 125 Duplex Multimode Fiber Optic Cable-Black Jacket,LC Female Port,SC Female Port
SC TO ST 50 by 125 Duplex Multimode Fiber Optic Cable-Blue Jacket,SC Female Port,ST Female Port
SC TO ST 50 by 125 Duplex Multimode Fiber Optic Cable-Green Jacket,SC Female Port,ST Female Port
SC TO ST 50 by 125 Duplex Multimode Fiber Optic Cable-Red Jacket,SC Female Port,ST Female Port
SC TO ST 50 by 125 Duplex Multimode Fiber Optic Cable-Black Jacket,SC Female Port,ST Female Port
OM2 LC to SC Duplex MultiMode 50 by 125 Fiber Optic Patch Cable,LC Female Port,SC Female Port
LC to ST Duplex MultiMode 50 by 125 Fiber Optic Patch Cable,LC Female Port,ST Female Port
MTRJ to MTRJ Duplex MultiMode 50 by 125 Fiber Optic Patch Cable,MTRJ Female Port,MTRJ Female Port
SC to SC Duplex MultiMode 50 by 125 Fiber Optic Patch Cable,SC Female Port,SC Female Port
OM5 LC to LC Duplex 100GB 50 by 125 MultiMode Fiber Patch Cable,LC Female Port,LC Female Port
Fiber Optic Mode Conditioning Cable SC to LC,SC Female Port,LC Female Port
Fiber Optic Mode Conditioning Cable SC to ST,SC Female Port,ST Female Port
Fiber Optic Mode Conditioning Cable 1 meter ST to LC,ST Female Port,LC Female Port
Fiber Optic Mode Conditioning Cable SC to SC,SC Female Port,SC Female Port
MPO 12 Connector OM4 Fiber Optic Cable-Male to Male,MPO Female,MPO Female
MPO 12 Connector OM4 Fiber Optic Cable -Female to Female,MPO Male,MPO Male
MPO 12 Female Connector OM3 Fiber Optic Cable,MPO Female,MPO Female
MPO Female to 4 Duplex LC OM4 40GB Type B,MPO Male,LC Female Port
MTP to 4 Duplex LC OS2 Singlemode Breakout,MTP Connector,LC Female Port
MPO 12 Connector Singlemode Fiber Optic Cable,MPO Male,MPO Male
MPO to 12 LC Breakout OM3 Fiber Optic Cable,MPO Male,LC Female Port
12 Fiber LCU PC Singlemode Yellow Pigtail Cable,12 Fiber LC UPC Singlemode Adapter Panel,
12 Fuber LCU PC Singlemode Yellow Flat Ribbon Pigrail Cable,12 Fiber LC UPC Singlemode Adapter Panel,
LC to UPC Simplex OM3 Multimode Aqua Pigtail,LC Female Port,SC/UPC OM3 Multimode Simplex
LC to UPC Simplex OM4 Multimode OFNR Aqua Pigtail,LC Female Port,SC/UPC OM3 Multimode Simplex
LC to UPC Simplex Singlemode OFNR Yellow Pigtail,LC Female Port,SC/UPC OM3 Multimode Simplex
12-Fiber LC to UPC Singlemode Pigtail Yellow,12 Fiber LC UPC Singlemode Adapter Panel,
12-Fiber SC to UPC Singlemode Flat Ribbon Pigtail Yellow,12 Fiber LC UPC Singlemode Adapter Panel,
SC to UPC Simplex OM3 Multimode Aqua Pigtail,SC Female Port,SC/UPC OM3 Multimode Simplex
SC to UPC Simplex OM4 Multimode OFNR Aqua Pigtail,SC/UPC OM3 Multimode Simplex,
SC to UPC Simplex Singlemode Yellow Pigtail,SC/UPC OM3 Multimode Simplex,
12 Fiber SC APC Singlemode Yellow Pigtail Cable,12 Fiber LC UPC Singlemode Adapter Panel,
SC to APC Simplex Singlemode White Pigtail,SC Female Port,APC simplex singlemode female connector
HDMI Cable - High Speed With Ethernet,HDMI TYPE A Port,HDMI TYPE A Port
HDMI Cable - 8K High Speed With Ethernet,HDMI TYPE A Port,HDMI TYPE A Port
Plenum HDMI Cable - High Speed 24awg,HDMI TYPE A Port,HDMI TYPE A Port
HDMI High Speed Ethernet Flat 24 AWG Cable,HDMI TYPE A Port,HDMI TYPE A Port
HDMI to Mini-HDMI Digital A to V HD Camera Conversion Cable,HDMI TYPE A Port,MINI HDMI TYPE C Port
Micro HDMI Type D to Full Size HDMI 1.4 Cable,HDMI TYPE A Port,MICRO HDMI TYPE D Port
Active Optical HDMI Cable 4K-60Hz-18Gbps,HDMI TYPE A Port,HDMI TYPE A Port
IEC 320 C14-C13 10 Amp PDU Power Cord - Blue,IEC60320 female plug,IEC60320 male plug
IEC320 C14 Plug to C13 Connector 10 Amp Red PDU Power Cord,IEC60320 female plug,IEC60320 male plug
IEC 320 C14-C13 10 Amp PDU Power Cord - Green,IEC60320 female plug,IEC60320 male plug
IEC 320 C14-C13 10 Amp PDU Power Cord - Yellow,IEC60320 female plug,IEC60320 male plug
IEC320 C14-C13 10 Amp PDU Power Cord - Grey,IEC60320 female plug,IEC60320 male plug
IEC 320 C14-C13 10 Amp PDU Power Cord - White,IEC60320 female plug,IEC60320 male plug
IEC320 C14 to IEC320 C13 PDU Power Cord 10 Amp Black,IEC60320 female plug,IEC60320 male plug
IEC 320 C14-C13 10 Amp PDU Power Cord - Pink,IEC60320 female plug,IEC60320 male plug
IEC 320 C14-C13 10 Amp PDU Power Cord - Orange,IEC60320 female plug,IEC60320 male plug
C14 to C13 - 13A -Power Cord,IEC60320 female plug,IEC60320 male plug
C14 Plug to C13 Connector 15amp 14 by 3 SJT 250v Yellow Power Cord,IEC60320 female plug,IEC60320 male plug
C14 Plug to C13 Connector 15amp 14 by 3 SJT 250v Blue Power Cord,IEC60320 female plug,IEC60320 male plug
C14 Plug to C13 Connector 15amp 14 by 3 SJT 250v Red Power Cord,IEC60320 female plug,IEC60320 male plug
C14 Plug to C13 Connector 15amp 14 by 3 SJT 250v Orange Power Cord,IEC60320 female plug,IEC60320 male plug
C14 Plug to C13 Connector 15amp 14 by 3 SJT 250v Green Power Cord,IEC60320 female plug,IEC60320 male plug
C14 Plug to C13 Connector 15amp 14 by 3 SJT 250v White Power Cord,IEC60320 female plug,IEC60320 male plug
C14 Plug to C13 Connector 15amp 14 by 3 SJT 250v Gray Power Cord,IEC60320 female plug,IEC60320 male plug
IEC320 C14 to C13 PDU Extension Power Cord - 15Amp 14awg,IEC60320 female plug,IEC60320 male plug
C14 Plug to C13 V-Lock Connector PDU Cable,IEC60320 vac Female connector,IEC60320 vac male connector
C14 Plug to C13 Connector PDU Cable with V-Lock- Secure Connection on both ends,IEC60320 vac Female connector,IEC60320 vac male connector
C14 Plug to C13 Connector PDU Cable with V-Lock- Secure Connection on both ends - Red Jacket,IEC60320 vac Female connector,IEC60320 vac male connector
C13 to C14 PDU Cable with V Lock- Blue,IEC60320 vac Female connector,IEC60320 vac male connector
IEC C14 to IEC C13 Left 10A 250V,IEC60320 female plug,IEC60320 male plug
IEC C14 to IEC C13 Right 10A 250V,IEC60320 female plug,IEC60320 male plug
C20 TO C19 PDU to Server 20 Amp Power Cord- Blue,IEC60320 female plug,IEC60320 male plug
C20 TO C19 PDU to Server 20 Amp Power Cord- Red,IEC60320 female plug,IEC60320 male plug
C20 to C19 PDU Power Cord 12awg 20 amp,IEC60320 female plug,IEC60320 male plug
C20 TO C19 PDU to Server 20 Amp Power Cord- Yellow,IEC60320 female plug,IEC60320 male plug
C20 TO C19 PDU to Server 20 Amp Power Cord- Orange,IEC60320 female plug,IEC60320 male plug
C20 TO C19 PDU to Server 20 Amp Power Cord- Green,IEC60320 female plug,IEC60320 male plug
C20 TO C19 PDU to Server 20 Amp Power Cord- White,IEC60320 female plug,IEC60320 male plug
C20 to C19 PDU to Server 20 Amp Power Cord- Gray,IEC60320 female plug,IEC60320 male plug
IEC C20 to IEC C19 Right 20A 250V,IEC60320 female plug,IEC60320 male plug
C14-C15 Yellow PDU- Server 15 Amp Power Cord,IEC60320 female plug,IEC60320 male plug
C14 to C15 PDU - Server Power Cord 14awg 15amp,IEC60320 female plug,IEC60320 male plug
C14-C15 Blue PDU- Server 15 Amp Power Cord,IEC60320 female plug,IEC60320 male plug
C14-C15 Red PDU- Server 15 Amp Power Cord,IEC60320 female plug,IEC60320 male plug
C14-C15 Green PDU- Server 15 Amp Power Cord,IEC60320 female plug,IEC60320 male plug
C14-C15 White PDU- Server 15 Amp Power Cord,IEC60320 female plug,IEC60320 male plug
C20 Plug Male to C13 Connector Female 15 Amp 14 by 3 SJT 250v Power Cord- Black,IEC60320 female plug,IEC60320 male plug
C20 Plug Male to C13 Connector Female 15 Amp 14 by 3 SJT 250v Power Cord- Yellow,IEC60320 female plug,IEC60320 male plug
C20 Plug Male to C13 Connector Female 15 Amp 14 by 3 SJT 250v Power Cord- Blue,IEC60320 female plug,IEC60320 male plug
C20 Plug Male to C13 Connector Female 15 Amp 14 by 3 SJT 250v Power Cord- Red,IEC60320 female plug,IEC60320 male plug
C20 Plug Male to C13 Connector Female 15 Amp 14 by 3 SJT 250v Power Cord- Green,IEC60320 female plug,IEC60320 male plug
C20 Plug Male to C13 Connector Female 15 Amp 14 by 3 SJT 250v Power Cord- White,IEC60320 female plug,IEC60320 male plug
15 Amp IEC320 C14 to NEMA 5-15R-520 Y Splitter PDU Power Cord,IEC60320 female plug,
Power Cord IEC320 C14 to NEMA 5-15R - 10Amp 18awg,IEC60320 female plug,nema 5-15r male
IEC320 C14 to NEMA 5-15R - 15Amp 14awg,IEC60320 female plug,nema 5-15r male
C14 Plug to C7 Connector 2.5amp Power Cable,IEC60320 female plug,IEC60320 c7
Power Cord C20 Plug to C15 Connector 15a - Black Jacket,IEC60320 female plug,IEC60320 male plug
Power Cord C20 Plug to C15 Connector 15a - Red Jacket,IEC60320 female plug,IEC60320 male plug
Power Cord C20 Plug to C15 Connector 15a - Blue Jacket,IEC60320 female plug,IEC60320 male plug
C14 Plug Male to C19 Connector Female 15 Amp 14 by 3 SJT 250v Power Cord- Black,IEC60320 female plug,IEC60320 male plug
C14 Plug Male to C19 Connector Female 15 Amp 14 by 3 SJT 250v Power Cord- Yellow,IEC60320 female plug,IEC60320 male plug
C14 Plug Male to C19 Connector Female 15 Amp 14 by 3 SJT 250v Power Cord- Blue,IEC60320 female plug,IEC60320 male plug
C14 Plug Male to C19 Connector Female 15 Amp 14 by 3 SJT 250v Power Cord- Red,IEC60320 female plug,IEC60320 male plug
C14 Plug Male to C19 Connector Female 15 Amp 14 by 3 SJT 250v Power Cord- Green,IEC60320 female plug,IEC60320 male plug
C14 Plug Male to C19 Connector Female 15 Amp 14 by 3 SJT 250v Power Cord- White,IEC60320 female plug,IEC60320 male plug
C20 to C21 PDU Power Cord,IEC60320 female plug,IEC60320 male plug
C20 to C21 PDU Power Cord with Blue Jacket,IEC60320 female plug,IEC60320 male plug
C20 to C21 PDU Power Cord with Red Jacket,IEC60320 female plug,IEC60320 male plug
IEC320 C14 to C5 10Amp 18awg Power Cord,IEC60320 female plug,IEC60320 male plug
C14 Plug Male to C21 Connector Female 15 Amp 14 by 3 SJT 250v Power Cord- Black,IEC60320 female plug,IEC60320 male plug
5-15P TO C13 PC to AC Outlet 10 Amp Power Cord- Yellow,NEMA 5-15 Receptacle,IEC60320 male plug
Red Power Cord 5-15P TO C13 10 Amp- PC to AC Outlet,NEMA 5-15 Receptacle,IEC60320 male plug
Green Power Cord 5-15P TO C13 10 Amp- PC to AC Outlet,NEMA 5-15 Receptacle,IEC60320 male plug
White Power Cord 5-15P TO C13 PC to AC Outlet 10 Amp,NEMA 5-15 Receptacle,IEC60320 male plug
Blue Power Cord 5-15P TO C13 10 Amp- PC to AC Outlet,NEMA 5-15 Receptacle,IEC60320 male plug
PC-AC Outlet 10 Amp Power Cord 5-15P to C13,IEC60320 male plug,NEMA 5-15 Receptacle
NEMA 5-15P TO IEC320 C13 - 13a,IEC60320 male plug,NEMA 5-15 Receptacle
5-15 Plug Male to C13 Connector Female 15 Amp 14 by 3 125v Power Cord- Yellow,NEMA 5-15 Receptacle,IEC60320 male plug
5-15 Plug Male to C13 Connector Female 15 Amp 14 by 3 125v Power Cord- Blue,NEMA 5-15 Receptacle,IEC60320 male plug
5-15 Plug Male to C13 Connector Female 15 Amp 14 by 3 125v Power Cord- Red,NEMA 5-15 Receptacle,IEC60320 male plug
5-15P TO C13 PC to AC Outlet 15 Amp Power Cord- Orange,NEMA 5-15 Receptacle,IEC60320 male plug
5-15P TO C13 PC to AC Outlet 15 Amp Power Cord- Violet,NEMA 5-15 Receptacle,IEC60320 male plug
5-15 Plug Male to C13 Connector Female 15 Amp 14 by 3 125v Power Cord- Green,NEMA 5-15 Receptacle,IEC60320 male plug
5-15 Plug Male to C13 Connector Female 15 Amp 14 by 3 125v Power Cord- White,NEMA 5-15 Receptacle,IEC60320 male plug
PC-AC Outlet 15 Amp Power Cord 5-15P to C13,NEMA 5-15 Receptacle,IEC60320 male plug
5-15p to C13 Power Cord 13 Amp with Rocking Switch,NEMA 5-15 Receptacle,IEC60320 male plug
NEMA 5-15P to C13 Right Angle Power Cord 10 Amp-18AWG,NEMA 5-15 Receptacle,IEC60320 male plug
NEMA 5-15P to C13 Left Angle Power Cord 10 Amp-18AWG,NEMA 5-15 Receptacle,IEC60320 male plug
NEMA 5-15p to IEC C13 Female IEC Locking Power Cord 10 amp,NEMA 5-15 Receptacle,IEC60320 male plug
Nema 5-15p to IEC C15 Black Power Cord 15Amp 14AWG,NEMA 5-15 Receptacle,IEC60320 male plug
5-15P to C15 Blue Power Cord 14awg 15amp,NEMA 5-15 Receptacle,IEC60320 male plug
5-15P to C15 White Power Cord 14awg 15amp,NEMA 5-15 Receptacle,IEC60320 male plug
5-15P to C15 Red Power Cord 14awg 15amp,NEMA 5-15 Receptacle,IEC60320 male plug
5-15P to C15 Green Power Cord 14awg 15amp,NEMA 5-15 Receptacle,IEC60320 male plug
5-15P to C15 Yellow Power Cord 14awg 15amp,NEMA 5-15 Receptacle,IEC60320 male plug
C19 to 5-15P PDU Power Cord,NEMA 5-15 Receptacle,IEC60320 male plug
NEMA 5-20P to IEC320 C19 Power Cable - 20A,NEMA 5-15 Receptacle,IEC60320 male plug
NEMA 5-20P to NEMA 5-20R - 20A,NEMA 5-15 Receptacle,IEC60320 male plug
NEMA 5-20 Plug to IEC C13 - 15A,NEMA 5-15 Receptacle,IEC60320 male plug
6-20p plug to IEC320 C19 NEMA Power Cord,NEMA 5-15 Receptacle,IEC60320 male plug
NEMA 6-20P to IEC320 C13 Power Cable - 15A,NEMA 5-15 Receptacle,IEC60320 male plug
NEMA 6-15P to IEC320 C13 - 15A - for Bitmain Antminer-Asic and GPU,NEMA 5-15 Receptacle,IEC60320 male plug
NEMA 6-15P to IEC320 C19 Power Cable- 15A,NEMA 5-15 Receptacle,IEC60320 male plug
NEMA 6-15P to 6-15R - 15A,NEMA 5-15 Receptacle,nema 5-15r male
Power Extension Cable - 15 amp- Black,NEMA 5-15 Receptacle,nema 5-15r male
3-Prong Male to 3-Prong Female Power Extension Cord- Black ,NEMA 5-15 Receptacle,nema 5-15r male
NEMA 5-15P to NEMA 5-15R 125 Volt Power Cord,NEMA 5-15 Receptacle,nema 5-15r male
NEMA 5-15P TO C5 Power Cord,IEC60320 female plug,NEMA 5-15 Receptacle
C20P to L6-30R Adapter 20 Amp,NEMA 5-15 Receptacle,IEC60320 male plug
Power Cord - NEMA L5-20P to IEC320 C13 - 15A,NEMA 5-15 Receptacle,IEC60320 male plug
NEMA L5-20P Twist Lock to IEC320 C19 Power Cord- 20mp ,NEMA 5-15 Receptacle,IEC60320 male plug
L5-20P to L5-20R Extension Cable,NEMA 5-15 Receptacle,nema 5-15r male
NEMA L6-20P to IEC320 C13 Bitmain PSU Power Cable - 15A,NEMA 5-15 Receptacle,IEC60320 male plug
L6-20P to L6-20R Extension Cable,NEMA 5-15 Receptacle,nema 5-15r male
L5-30P to L5-30R Power Converter Cable,NEMA 5-15 Receptacle,nema 5-15r male
NEMA L6-30P Twist Lock to IEC320 C13 Power Cord- 15Amp,nema l6-30r twist lock receptacle,IEC60320 male plug
NEMA L6-30P Twist Lock to IEC320 C19 Power Cord- 20Amp,nema l6-30r twist lock receptacle,IEC60320 male plug
C13 to L5-15P 15 AMP PDU Power Cord,IEC60320 male plug,NEMA 5-15 Receptacle
C19 to Nema L5-15 Plug 15Amp - 14awg Power Cord,IEC60320 male plug,NEMA 5-15 Receptacle
C19 to Nema L6-15 Plug 15Amp - 14awg Power Cord,IEC60320 male plug,NEMA 5-15 Receptacle
IEC C14 Left to IEC C13 10A 250V ,IEC60320 female plug,IEC60320 male plug
IEC C14 (Right) to IEC C13 - 10A,IEC60320 female plug,IEC60320 male plug
IEC C14 to IEC C13 (Left) -10A,IEC60320 female plug,IEC60320 male plug
Saf-D-Grid T-Latch Connector to C14 SJT 14awg,saf-d-grid t-latch receptacle,IEC60320 male plug
Saf-D-Grid T-Latch Connector to C20 SJT 12awg,saf-d-grid t-latch receptacle,IEC60320 male plug
EV Cable - NEMA 14-50 Extension Cord for Level 2 EV Charging 50 Amp,NEMA 14-50 Extension Cord plug,NEMA 14-50 Extension Cord receptacle
USB Cable 2.0 Male to Male,USB Port,Console Micro USB-B Port
USB 2.0 A-Male to A-Female Cable,USB Port,Console Micro USB-B Port
USB 3.0 Active A Male to B Male Cable,USB Port,Console Micro USB-B Port
USB 3.0 Certified A to B - SuperSpeed USB Device Cable,USB Port,Console Micro USB-B Port
1m USB 3.0 A Male to A Male Cable,USB Port,Console Micro USB-B Port
Galaxy S5 Compatible USB Charge and Sync Cable,USB Port,
USB 3.0 Active Repeater Cable,USB Port,USB -TYPE A
USB 3.0 Extension Cable A Male to A Female,USB Port,USB -TYPE A
USB 3.1 Generation 2 A Male to C Male Cable,USB Port,USB-C Console Port
USB-C Male to HDMI Male HDTV Cable,USB-C Console Port,HDMI TYPE A Port
USB Type C Male to Type C Male Cable,USB-C Console Port,USB-C Console Port
USB-C Male to Displayport Male HDTV Cable,USB-C Console Port,HDMI TYPE A Port
USB 2.0 A to Mini-B 5-Pin Cable,USB Port,Console Micro USB-B Port
USB 2.0 A Male to Micro-B 5pin Male,USB Port,Console Micro USB-B Port
USB 2.0 A Male to Mini 5pin Male 1.5 Feet,USB Port,Console Micro USB-B Port
